id,utility,name,project_type,project_status,voltage_kv,description,geometry,geometry_type,geometry_source,geometry_method,geometry_confidence,construction_start,construction_end,in_service_date,date_basis,source_url,source_title,source_date,source_page,source_excerpt,review_status,ceii_checked,last_verified
H-DESC-JASPER,DESC,Jasper (hypothesis),,unverified,,,,,,,unresolved,,,,unknown,,,,,,proposed,false,
H-DESC-OKATIE,DESC,Okatie (hypothesis),,unverified,,,,,,,unresolved,,,,unknown,,,,,,proposed,false,
H-DESC-BLUFFTON,DESC,Bluffton (hypothesis),,unverified,,,,,,,unresolved,,,,unknown,,,,,,proposed,false,
H-DESC-URQUHART,DESC,Urquhart (hypothesis),,unverified,,,,,,,unresolved,,,,unknown,,,,,,proposed,false,
H-GPC-MCINTOSH,GPC,Plant McIntosh expansion (hypothesis),,unverified,,,,,,,unresolved,,,,unknown,,,,,,proposed,false,
H-GPC-THOMSON-VOGTLE,GPC,Thomson-Vogtle line (hypothesis),,unverified,,,,,,,unresolved,,,,unknown,,,,,,proposed,false,
GPC-001,GPC,Big Tazewell - Farley 500 kV,transmission_line,proposed,500,New transmission line spanning Chattahoochee/Clay/Early/Marion/Quitman/Stewart counties,,,,,unresolved,,,,unknown,https://www.georgiapower.com/about/grid-reliability/grid-improvements/grid-projects/transmission-projects.html,Georgia Power Transmission Projects,2026-09-26,web,"Big Tazewell - Farley 500 kV; New Transmission Line",proposed,true,2026-09-26
GPC-002,GPC,Decatur - Scottdale 115 kV,transmission_line,proposed,115,Transmission line upgrade in DeKalb County,,,,,unresolved,,,,unknown,https://www.georgiapower.com/about/grid-reliability/grid-improvements/grid-projects/transmission-projects.html,Georgia Power Transmission Projects,2026-09-26,web,"Decatur - Scottdale 115 kV; Transmission Line Upgrade",proposed,true,2026-09-26
GPC-003,GPC,Callaway Road - Thomson Primary 500 kV,transmission_line,proposed,500,New 500 kV line in Columbia & McDuffie counties,,,,,unresolved,,,,unknown,https://www.georgiapower.com/about/grid-reliability/grid-improvements/grid-projects/transmission-projects.html,Georgia Power Transmission Projects,2026-09-26,web,"Callaway Road - Thomson Primary 500 kV",proposed,true,2026-09-26
GPC-004,GPC,Effingham County 500 kV,transmission_line,proposed,500,500 kV project in Effingham County (near SC border/Savannah area),,,,,unresolved,,,,unknown,https://www.georgiapower.com/about/grid-reliability/grid-improvements/grid-projects/transmission-projects.html,Georgia Power Transmission Projects,2026-09-26,web,"Effingham County 500 kV",proposed,true,2026-09-26
GPC-005,GPC,Hills Bridge - Speedway 500/230 kV,transmission_line,proposed,500,New line in Clayton & Henry counties,,,,,unresolved,,,,unknown,https://www.georgiapower.com/about/grid-reliability/grid-improvements/grid-projects/transmission-projects.html,Georgia Power Transmission Projects,2026-09-26,web,"Hills Bridge - Speedway 500/230 kV; New Transmission Line",proposed,true,2026-09-26
GPC-006,GPC,Grassy Hollow - Great Valley 230 kV,transmission_line,proposed,230,New 230 kV line in Bartow County,,,,,unresolved,,,,unknown,https://www.georgiapower.com/about/grid-reliability/grid-improvements/grid-projects/transmission-projects.html,Georgia Power Transmission Projects,2026-09-26,web,"Grassy Hollow - Great Valley 230 kV; New Transmission Line",proposed,true,2026-09-26
GPC-007,GPC,Hatch - Wadley Primary 500 kV,transmission_line,proposed,500,New line in Appling/Emanuel/Jefferson/Toombs counties,,,,,unresolved,,,,unknown,https://www.georgiapower.com/about/grid-reliability/grid-improvements/grid-projects/transmission-projects.html,Georgia Power Transmission Projects,2026-09-26,web,"Hatch - Wadley Primary 500 kV; New Transmission Line",proposed,true,2026-09-26
GPC-008,GPC,Conyers - Klondike 230 kV,transmission_line,proposed,230,New 230 kV line in DeKalb & Rockdale counties,,,,,unresolved,,,,unknown,https://www.georgiapower.com/about/grid-reliability/grid-improvements/grid-projects/transmission-projects.html,Georgia Power Transmission Projects,2026-09-26,web,"Conyers - Klondike 230 kV; New Transmission Line",proposed,true,2026-09-26
GPC-009,GPC,Ashley Park - Wansley 500 kV,transmission_line,proposed,500,New 500 kV line in Fayette & Heard counties,,,,,unresolved,,,,unknown,https://www.georgiapower.com/about/grid-reliability/grid-improvements/grid-projects/transmission-projects.html,Georgia Power Transmission Projects,2026-09-26,web,"Ashley Park - Wansley 500 kV; New Transmission Line",proposed,true,2026-09-26
